<mixer>
	<include name="/system/etc/mixer_gains.xml" />

	<pcmdai playback_link="6" />
	<pcmdai playback_jam_link="7" />
	<pcmdai playback_deep_link="8" />
	<pcmdai playback_offload_link="11" />
	<pcmdai capture_link="0" />
	<pcmdai baseband_link="1" />
	<pcmdai bluetooth_link="2" />

	<!-- Reset configurations -->
	<ctl name="IN1L Mux" value="A" />
	<ctl name="IN2L Mux" value="B" />
	<ctl name="HP Switch" value="0" />
	<ctl name="SPK Switch" value="0" />
	<ctl name="RCV Switch" value="0" />
	<ctl name="Main Mic Switch" value="0" />
	<ctl name="Sub Mic Switch" value="0" />
	<ctl name="Third Mic Switch" value="0" />
	<ctl name="Headset Mic Switch" value="0" />
	<ctl name="VI SENSING Switch" value="0" />
	<ctl name="FM In Switch" value="0" />
	<ctl name="CP Mode" value="Default" />
	<ctl name="VoiceControl Mode" value="Normal" />
	<ctl name="Noise Gate Switch" value="0" />
	<ctl name="HPOUT1 Digital Switch" value="1" />
	<ctl name="HPOUT3 Digital Switch" value="1" />
	<ctl name="SPK Enable Switch" value="Enable" />

	<ctl name="HPOUT1 DRE Switch" value="0" />
	<ctl name="HPOUT3 DRE Switch" value="0" />
	<ctl name="HPOUT1 EDRE Switch" value="0" />
	<ctl name="HPOUT3 EDRE Switch" value="0" />

	<ctl name="IN1 OSR" value="1.536MHz" />
	<ctl name="IN3 OSR" value="1.536MHz" />

	<ctl name="IN1L HPF Switch" value="1" />
	<ctl name="IN3L HPF Switch" value="1" />
	<ctl name="IN HPF Cutoff Frequency" value="40Hz" />
	<ctl name="Input Ramp Up" value="8ms/6dB" />

	<!-- default routes -->
	<ctl name="Sample Rate 2" value="16kHz" />
	<ctl name="ASYNC Sample Rate 2" value="48kHz" />
	<ctl name="DSP2 Rate" value="SYNCCLK rate 3" />
	<ctl name="DSP3 Rate" value="SYNCCLK rate 3" />
	<ctl name="DSP4 Rate" value="SYNCCLK rate 2" />
	<ctl name="DSP5 Rate" value="ASYNCCLK rate 2" />

	<ctl name="ASRC1 Rate 1" value="SYNCCLK rate 1" />
	<ctl name="ASRC1 Rate 2" value="ASYNCCLK rate" />
	<ctl name="ASRC2 Rate 1" value="SYNCCLK rate 1" />
	<ctl name="ASRC2 Rate 2" value="ASYNCCLK rate 2" />

	<ctl name="HPOUT1L Input 1" value="AIF1RX1" />
	<ctl name="HPOUT1R Input 1" value="AIF1RX2" />
	<ctl name="HPOUT3L Input 1" value="AIF1RX1" />
	<ctl name="HPOUT3R Input 1" value="AIF1RX2" />
	<ctl name="AIF2TX1 Input 1" value="ASRC1IN1L" />
	<ctl name="AIF2TX2 Input 1" value="ASRC1IN1R" />
	<ctl name="ASRC1IN2L Input" value="AIF2RX1" />
	<ctl name="ASRC1IN2R Input" value="AIF2RX2" />

	<ctl name="ISRC2 FSL" value="SYNCCLK rate 2" />
	<ctl name="ISRC2 FSH" value="SYNCCLK rate 1" />
	<ctl name="ISRC2DEC1 Input" value="IN1L" />
	<ctl name="ISRC2DEC2 Input" value="IN3L" />

	<ctl name="ISRC4 FSL" value="SYNCCLK rate 3" />
	<ctl name="ISRC4 FSH" value="SYNCCLK rate 1" />

	<ctl name="ASRC2IN1R Input" value="AIF1RX1" />
	<ctl name="ASRC2IN1L Input" value="AIF1RX2" />
	<ctl name="DSP5L Input 1" value="ASRC2IN1R" />
	<ctl name="DSP5L Input 2" value="ASRC2IN1L" />	

	<ctl name="AIF4TX1 Input 1" value="DSP5.1" />
	<ctl name="AIF4TX2 Input 1" value="DSP5.1" />
	<ctl name="DSP5 Aux 2" value="AIF4RX1" />
	<ctl name="DSP5 Aux 3" value="AIF4RX2" />

	<!-- default routes for earphone tuning -->
	<ctl name="HPOUT1L ONEFLT Switch" value="1" />
	<ctl name="HPOUT1R ONEFLT Switch" value="1" />
	<ctl name="DAC COMP 1" value="5 14" />
	<ctl name="DAC COMP 2" value="1 1" />
	<ctl name="FRF COEFF 1L" value="3 244 247 48 6 4 254 205" />
	<ctl name="FRF COEFF 1R" value="3 244 247 48 6 4 254 205" />

	<!-- Channel information -->
	<!-- main_mic : Left -->
	<!-- 2nd_mic : Right -->
	<!-- headset_mic : Right -->
	<!-- 3rd_mic : Right -->
	<!-- sco : None -->
	<path name="capture_channel_left">
		<ctl name="AIF1TX1 Input 1" value="LHPF1" />
		<ctl name="AIF1TX2 Input 1" value="LHPF1" />
	</path>

	<path name="capture_channel_right">
		<ctl name="AIF1TX1 Input 1" value="LHPF2" />
		<ctl name="AIF1TX2 Input 1" value="LHPF2" />
	</path>

	<path name="capture_channel_stereo">
		<ctl name="AIF1TX1 Input 1" value="LHPF1" />
		<ctl name="AIF1TX2 Input 1" value="LHPF2" />
	</path>

	<path name="capture_channel_invert">
		<ctl name="AIF1TX1 Input 1" value="LHPF2" />
		<ctl name="AIF1TX2 Input 1" value="LHPF1" />
	</path>

	<!-- call volume index -->
	<path name="call_nb_volume_index">
	</path>

	<path name="call_wb_volume_index">
	</path>

	<path name="mute-speaker">
		<ctl name="DSP5L Input 1 Volume" value="0" />
		<ctl name="DSP5L Input 2 Volume" value="0" />
		<ctl name="AIF4TX1 Input 1 Volume" value="0" />
		<ctl name="AIF4TX2 Input 1 Volume" value="0" />
	</path>

	<path name="unmute-speaker">
		<ctl name="DSP5L Input 1 Volume" value="26" />
		<ctl name="DSP5L Input 2 Volume" value="26" />
		<ctl name="AIF4TX1 Input 1 Volume" value="32" />
		<ctl name="AIF4TX2 Input 1 Volume" value="32" />
	</path>

	<path name="mute-headset">
		<ctl name="HP Switch" value="0" />
	</path>

	<path name="default-impedance-volume">
		<ctl name="HPOUT1L Impedance Volume" value="114" />
		<ctl name="HPOUT1R Impedance Volume" value="114" />
	</path>

	<!-- Output stage -->
	<!-- media playback -->
	<path name="media-handset">
		<ctl name="CP Mode" value="Inverting" />
		<ctl name="HPOUT3L Input 1" value="AIF1RX1" />
		<ctl name="HPOUT3L Input 2" value="AIF1RX2" />
		<ctl name="RCV Switch" value="1" />
	</path>

	<path name="media-handset-voip">
		<ctl name="CP Mode" value="Inverting" />
		<ctl name="HPOUT3L Input 1" value="AIF1RX1" />
		<ctl name="HPOUT3R Input 1" value="AIF1RX2" />
		<ctl name="RCV Switch" value="1" />
	</path>

	<path name="factory-media-handset">
		<ctl name="CP Mode" value="Inverting" />
		<ctl name="HPOUT3L Input 1" value="AIF1RX1" />
		<ctl name="HPOUT3R Input 1" value="AIF1RX2" />
		<ctl name="RCV Switch" value="1" />
	</path>

	<path name="media-speaker">
		<ctl name="DSP5 Rate" value="ASYNCCLK rate 2" />
		<ctl name="ASRC2IN1R Input" value="AIF1RX1" />
		<ctl name="ASRC2IN1L Input" value="AIF1RX2" />
		<ctl name="DSP5L Input 1" value="ASRC2IN1R" />
		<ctl name="DSP5L Input 2" value="ASRC2IN1L" />		
		<ctl name="AIF4TX1 Input 1" value="DSP5.1" />
		<ctl name="AIF4TX2 Input 1" value="DSP5.1" />
		<ctl name="DSP5 Aux 2" value="AIF4RX1" />
		<ctl name="DSP5 Aux 3" value="AIF4RX2" />
		<ctl name="VI SENSING Switch" value="1" />
		<ctl name="SPK Switch" value="1" />
	</path>

	<path name="media-headset">
		<path name="mute-speaker" />
		<ctl name="HPOUT1 DRE Switch" value="1" />
		<ctl name="HPOUT1 EDRE Switch" value="1" />
		<ctl name="HPOUT1L Input 1" value="AIF1RX1" />
		<ctl name="HPOUT1R Input 1" value="AIF1RX2" />
		<ctl name="HP Switch" value="1" />
	</path>

	<path name="media-speaker-headset">
		<path name="media-speaker" />
		<path name="media-headset" />
	</path>

	<path name="media-bt-sco-headset">
		<ctl name="ISRC2 FSL" value="SYNCCLK rate 2" />
		<ctl name="ISRC2 FSH" value="SYNCCLK rate 1" />
		<ctl name="AIF3TX1 Input 1" value="ISRC2DEC1" />
		<ctl name="AIF3TX2 Input 1" value="ISRC2DEC2" />
		<ctl name="ISRC2DEC1 Input" value="AIF1RX1" />
		<ctl name="ISRC2DEC2 Input" value="AIF1RX2" />
	</path>

	<path name="media-speaker-bt-sco-headset">
		<path name="media-bt-sco-headset" />
		<path name="media-speaker" />
	</path>

	<!-- Ringtone playback -->
	<path name="ringtone-handset">
		<path name="media-handset" />
	</path>

	<path name="ringtone-speaker">
		<path name="media-speaker" />
	</path>

	<path name="ringtone-headset">
		<path name="media-headset" />
	</path>

	<path name="ringtone-speaker-headset">
		<path name="media-speaker-headset" />
	</path>

	<path name="ringtone-bt-sco-headset">
		<path name="media-bt-sco-headset" />
	</path>

	<path name="ringtone-speaker-bt-sco-headset">
		<path name="media-speaker-bt-sco-headset" />
	</path>

	<!-- Communication playback -->
	<path name="communication-handset">
		<path name="media-handset-voip" />
	</path>

	<path name="communication-speaker">
		<ctl name="ASRC2IN1R Input" value="AIF1RX1" />
		<ctl name="ASRC2IN1L Input" value="AIF1RX2" />
		<ctl name="AIF4TX1 Input 1" value="ASRC2IN1R" />
		<ctl name="AIF4TX2 Input 1" value="ASRC2IN1L" />
		<ctl name="SPK Switch" value="1" />
	</path>

	<path name="communication-headset">
		<ctl name="HPOUT1L Input 1" value="AIF1RX1" />
		<ctl name="HPOUT1R Input 1" value="AIF1RX2" />
		<ctl name="HP Switch" value="1" />
	</path>

	<path name="communication-headphone">
		<path name="communication-headset" />
	</path>

	<path name="communication-bt-sco-headset">
		<path name="media-bt-sco-headset" />
	</path>

	<path name="communication-bt-ble-headset">
		<path name="media-bt-sco-headset" />
	</path>

	<!-- samsung voip playback -->
	<path name="samsung_voip-handset">
		<path name="media-handset-voip" />
	</path>

	<path name="samsung_voip-speaker">
		<path name="communication-speaker" />
	</path>

	<path name="samsung_voip-headset">
		<path name="communication-headset" />
	</path>

	<path name="samsung_voip-headphone">
		<path name="communication-headset" />
	</path>

	<path name="samsung_voip-bt-sco-headset">
		<path name="media-bt-sco-headset" />
	</path>

	<path name="samsung_voip-bt-ble-headset">
		<path name="media-bt-sco-headset" />
	</path>

	<!-- voip playback -->
	<path name="voip-handset">
		<path name="media-handset-voip" />
	</path>

	<path name="voip-speaker">
		<path name="communication-speaker" />
	</path>

	<path name="voip-headset">
		<path name="communication-headset" />
	</path>

	<path name="voip-headphone">
		<path name="communication-headset" />
	</path>

	<path name="voip-bt-sco-headset">
		<path name="media-bt-sco-headset" />
	</path>

	<path name="voip-bt-ble-headset">
		<path name="media-bt-sco-headset" />
	</path>

	<!-- wificall playback -->
	<!-- wificall AP NB -->
	<path name="wificall_nb-handset">
		<path name="mute-headset" />
		<path name="mute-speaker" />
		<ctl name="CP Mode" value="Inverting" />
		<ctl name="Sample Rate 2" value="16kHz" />
		<ctl name="DSP4 Rate" value="SYNCCLK rate 2" />
		<ctl name="ISRC2 FSL" value="SYNCCLK rate 2" />
		<ctl name="ISRC2 FSH" value="SYNCCLK rate 1" />
		<ctl name="DSP4 Firmware" value="RX_NB" />
		<ctl name="ISRC2DEC3 Input" value="AIF1RX1" />
		<ctl name="DSP4 Aux 1" value="ISRC2DEC3" />
		<ctl name="DSP4 Aux 2" value="ISRC2DEC1" />
		<ctl name="ISRC2INT1 Input" value="DSP4.3" />
		<ctl name="HPOUT3L Input 1" value="ISRC2INT1" />
		<ctl name="HPOUT3R Input 1" value="ISRC2INT1" />
		<ctl name="RCV Switch" value="1" />
	</path>

	<path name="wificall_nb-speaker">
		<path name="mute-headset" />
		<path name="unmute-speaker" />
		<ctl name="Sample Rate 2" value="16kHz" />
		<ctl name="DSP4 Rate" value="SYNCCLK rate 2" />
		<ctl name="DSP5 Rate" value="ASYNCCLK rate 2" />
		<ctl name="ISRC2 FSL" value="SYNCCLK rate 2" />
		<ctl name="ISRC2 FSH" value="SYNCCLK rate 1" />
		<ctl name="DSP4 Firmware" value="RX_NB" />
		<ctl name="ISRC2DEC3 Input" value="AIF1RX1" />
		<ctl name="DSP4 Aux 1" value="ISRC2DEC3" />
		<ctl name="DSP4 Aux 2" value="ISRC2DEC2" />
		<ctl name="ISRC2INT1 Input" value="DSP4.3" />
		<ctl name="ASRC2IN1R Input" value="ISRC2INT1" />
		<ctl name="ASRC2IN1L Input" value="ISRC2INT1" />
		<ctl name="DSP5L Input 1" value="ASRC2IN1R" />
		<ctl name="DSP5L Input 2" value="ASRC2IN1L" />
		<ctl name="AIF4TX1 Input 1" value="DSP5.1" />
		<ctl name="AIF4TX2 Input 1" value="DSP5.1" />
		<ctl name="DSP5 Aux 2" value="AIF4RX1" />
		<ctl name="DSP5 Aux 3" value="AIF4RX2" />
		<ctl name="VI SENSING Switch" value="1" />
		<ctl name="SPK Switch" value="1" />
	</path>

	<path name="wificall_nb-headset">
		<path name="default-impedance-volume" />
		<path name="mute-speaker" />
		<path name="communication-headset" />
	</path>

	<path name="wificall_nb-headphone">
		<path name="default-impedance-volume" />
		<path name="mute-speaker" />
		<path name="communication-headset" />
	</path>

	<path name="wificall_nb-bt-sco-headset">
		<path name="mute-headset" />
		<path name="media-bt-sco-headset" />
	</path>
	
	<path name="wificall_nb-bt-ble-headset">
		<path name="mute-headset" />
		<path name="media-bt-sco-headset" />
	</path>

	<!-- wificall NB/EXTRA_VOL -->
	<path name="wificall_nb_extra_vol-handset">
		<path name="wificall_nb-handset" />
	</path>

	<path name="wificall_nb_extra_vol-speaker">
		<path name="wificall_nb-speaker" />
	</path>

	<!-- wificall AP WB -->
	<path name="wificall_wb-handset">
		<path name="mute-headset" />
		<path name="mute-speaker" />
		<ctl name="CP Mode" value="Inverting" />
		<ctl name="Sample Rate 2" value="16kHz" />
		<ctl name="DSP4 Rate" value="SYNCCLK rate 2" />
		<ctl name="ISRC2 FSL" value="SYNCCLK rate 2" />
		<ctl name="ISRC2 FSH" value="SYNCCLK rate 1" />
		<ctl name="DSP4 Firmware" value="RX_WB" />
		<ctl name="ISRC2DEC3 Input" value="AIF1RX1" />
		<ctl name="DSP4 Aux 1" value="ISRC2DEC3" />
		<ctl name="DSP4 Aux 2" value="ISRC2DEC1" />
		<ctl name="ISRC2INT1 Input" value="DSP4.3" />
		<ctl name="HPOUT3L Input 1" value="ISRC2INT1" />
		<ctl name="HPOUT3R Input 1" value="ISRC2INT1" />
		<ctl name="RCV Switch" value="1" />
	</path>

	<path name="wificall_wb-speaker">
		<path name="mute-headset" />
		<path name="unmute-speaker" />
		<ctl name="Sample Rate 2" value="16kHz" />
		<ctl name="DSP4 Rate" value="SYNCCLK rate 2" />
		<ctl name="DSP5 Rate" value="ASYNCCLK rate 2" />
		<ctl name="ISRC2 FSL" value="SYNCCLK rate 2" />
		<ctl name="ISRC2 FSH" value="SYNCCLK rate 1" />
		<ctl name="DSP4 Firmware" value="RX_WB" />
		<ctl name="ISRC2DEC3 Input" value="AIF1RX1" />
		<ctl name="DSP4 Aux 1" value="ISRC2DEC3" />
		<ctl name="DSP4 Aux 2" value="ISRC2DEC2" />
		<ctl name="ISRC2INT1 Input" value="DSP4.3" />
		<ctl name="ASRC2IN1R Input" value="ISRC2INT1" />
		<ctl name="ASRC2IN1L Input" value="ISRC2INT1" />
		<ctl name="DSP5L Input 1" value="ASRC2IN1R" />
		<ctl name="DSP5L Input 2" value="ASRC2IN1L" />	
		<ctl name="AIF4TX1 Input 1" value="DSP5.1" />
		<ctl name="AIF4TX2 Input 1" value="DSP5.1" />
		<ctl name="DSP5 Aux 2" value="AIF4RX1" />
		<ctl name="DSP5 Aux 3" value="AIF4RX2" />
		<ctl name="VI SENSING Switch" value="1" />
		<ctl name="SPK Switch" value="1" />
	</path>

	<path name="wificall_wb-headset">
		<path name="default-impedance-volume" />
		<path name="mute-speaker" />
		<path name="communication-headset" />
	</path>

	<path name="wificall_wb-headphone">
		<path name="default-impedance-volume" />
		<path name="mute-speaker" />
		<path name="communication-headset" />
	</path>

	<path name="wificall_wb-bt-sco-headset">
		<path name="mute-headset" />
		<path name="media-bt-sco-headset" />
	</path>
	
	<path name="wificall_wb-bt-ble-headset">
		<path name="mute-headset" />
		<path name="media-bt-sco-headset" />
	</path>

	<!-- wificall WB/EXTRA_VOL -->
	<path name="wificall_wb_extra_vol-handset">
		<path name="wificall_wb-handset" />
	</path>

	<path name="wificall_wb_extra_vol-speaker">
		<path name="wificall_wb-speaker" />
	</path>

	<!-- Video call playback -->
	<path name="video_call-handset">
		<path name="wificall_nb-handset" />
	</path>

	<path name="video_call-speaker">
		<path name="wificall_nb-speaker" />
	</path>

	<path name="video_call-headset">
		<path name="mute-speaker" />
		<path name="communication-headset" />
	</path>

	<path name="video_call-headphone">
		<path name="mute-speaker" />
		<path name="communication-headset" />
	</path>

	<path name="video_call-bt-sco-headset">
		<path name="mute-headset" />
		<path name="media-bt-sco-headset" />
	</path>

	<path name="video_call-bt-ble-headset">
		<path name="mute-headset" />
		<path name="media-bt-sco-headset" />
	</path>

	<!-- VoLTE AP playback -->
	<!-- VoLTE AP NB -->
	<path name="volte_vt_ap_nb-handset">
		<path name="wificall_nb-handset" />
	</path>

	<path name="volte_vt_ap_nb-speaker">
		<path name="wificall_nb-speaker" />
	</path>

	<path name="volte_vt_ap_nb-headset">
		<path name="communication-headset" />
	</path>

	<path name="volte_vt_ap_nb-headphone">
		<path name="communication-headset" />
	</path>

	<path name="volte_vt_ap_nb-bt-sco-headset">
		<path name="media-bt-sco-headset" />
	</path>

	<path name="volte_vt_ap_nb-bt-ble-headset">
		<path name="media-bt-sco-headset" />
	</path>

	<!-- VoLTE AP WB -->
	<path name="volte_vt_ap_wb-handset">
		<path name="wificall_wb-handset" />
	</path>

	<path name="volte_vt_ap_wb-speaker">
		<path name="wificall_wb-speaker" />
	</path>

	<path name="volte_vt_ap_wb-headset">
		<path name="communication-headset" />
	</path>

	<path name="volte_vt_ap_wb-headphone">
		<path name="communication-headset" />
	</path>

	<path name="volte_vt_ap_wb-bt-sco-headset">
		<path name="media-bt-sco-headset" />
	</path>

	<path name="volte_vt_ap_wb-bt-ble-headset">
		<path name="media-bt-sco-headset" />
	</path>

	<!-- CP Call Output -->
	<!-- Default -->
	<path name="incall_default-handset">
		<ctl name="CP Mode" value="Inverting" />
		<ctl name="ASRC1IN2L Input" value="AIF2RX1" />
		<ctl name="ISRC2INT3 Input" value="ASRC1IN2L" />
		<ctl name="HPOUT3L Input 3 Volume" value="0" />
		<ctl name="HPOUT3R Input 3 Volume" value="0" />
		<ctl name="HPOUT3L Input 3" value="ISRC2INT3" />
		<ctl name="HPOUT3R Input 3" value="ISRC2INT3" />
		<ctl name="HPOUT3L Input 3 Volume" value="32" />
		<ctl name="HPOUT3R Input 3 Volume" value="32" />
		<ctl name="HPOUT3L Input 2" value="None" />
		<ctl name="HPOUT3R Input 2" value="None" />
		<!-- default volume -->
		<ctl name="HPOUT3L Input 1 Volume" value="32" />
		<ctl name="HPOUT3R Input 1 Volume" value="32" />
		<ctl name="HPOUT3L Input 1" value="AIF1RX1" />
		<ctl name="HPOUT3R Input 1" value="AIF1RX2" />
		<ctl name="RCV Switch" value="1" />
	</path>

	<path name="incall_default-speaker">
		<ctl name="Sample Rate 2" value="16kHz" />
		<ctl name="ASRC1 Rate 1" value="SYNCCLK rate 2" />
		<ctl name="ISRC2 FSL" value="SYNCCLK rate 2" />
		<ctl name="ISRC2 FSH" value="SYNCCLK rate 1" />
		<ctl name="DSP5 Rate" value="ASYNCCLK rate 2" />
		<ctl name="ASRC1IN2L Input" value="AIF2RX1" />
		<ctl name="ISRC2INT3 Input" value="ASRC1IN2L" />
		<ctl name="LHPF4 Input 1" value="AIF1RX1" />
		<ctl name="LHPF4 Input 3 Volume" value="0" />
		<ctl name="LHPF4 Input 3" value="ISRC2INT3" />
		<ctl name="LHPF4 Input 3 Volume" value="32" />
		<ctl name="LHPF4 Input 2" value="None" />
		<ctl name="ASRC2IN1R Input" value="LHPF4" />
		<ctl name="ASRC2IN1L Input" value="LHPF4" />
		<ctl name="DSP5L Input 1" value="ASRC2IN1R" />
		<ctl name="DSP5L Input 2" value="ASRC2IN1L" />
		<ctl name="AIF4TX1 Input 1" value="DSP5.1" />
		<ctl name="AIF4TX2 Input 1" value="DSP5.1" />
		<ctl name="DSP5 Aux 2" value="AIF4RX1" />
		<ctl name="DSP5 Aux 3" value="AIF4RX2" />
		<ctl name="VI SENSING Switch" value="1" />
		<ctl name="SPK Switch" value="1" />
		<!-- default volume -->
		<ctl name="DSP5L Input 1 Volume" value="26" />
		<ctl name="DSP5L Input 2 Volume" value="26" />
		<ctl name="AIF4TX1 Input 1 Volume" value="32" />
		<ctl name="AIF4TX2 Input 1 Volume" value="32" />
	</path>

	<path name="incall_default-headset">
		<ctl name="ASRC1 Rate 1" value="SYNCCLK rate 1" />
		<ctl name="HPOUT1L Input 1" value="AIF1RX1" />
		<ctl name="HPOUT1R Input 1" value="AIF1RX2" />
		<ctl name="ASRC1IN2L Input" value="AIF2RX1" />
		<ctl name="ASRC1IN2R Input" value="AIF2RX1" />
		<ctl name="HPOUT1L Input 2" value="ASRC1IN2L" />
		<ctl name="HPOUT1R Input 2" value="ASRC1IN2L" />
		<ctl name="HP Switch" value="1" />
		<!-- Call recording route -->
		<ctl name="AIF1TX1 Input 2" value="ASRC1IN2L" />
		<ctl name="AIF1TX2 Input 2" value="ASRC1IN2L" />
		<!-- default volume -->
		<ctl name="Noise Gate Switch" value="0" />
		<ctl name="HPOUT1L Impedance Volume" value="113" />
		<ctl name="HPOUT1R Impedance Volume" value="113" />
		<ctl name="HPOUT1L Input 1 Volume" value="32" />
		<ctl name="HPOUT1R Input 1 Volume" value="32" />
	</path>

	<path name="incall_default-headphone">
		<path name="incall_default-headset" />
	</path>

	<path name="incall_default-bt-sco-headset">
		<ctl name="ASRC1 Rate 1" value="SYNCCLK rate 1" />
		<ctl name="ISRC2 FSL" value="SYNCCLK rate 2" />
		<ctl name="ISRC2 FSH" value="SYNCCLK rate 1" />
		<ctl name="AIF3TX1 Input 1" value="ISRC2DEC3" />
		<ctl name="AIF3TX2 Input 1" value="ISRC2DEC4" />
		<ctl name="AIF3TX1 Input 2" value="ISRC2DEC1" />
		<ctl name="AIF3TX2 Input 2" value="ISRC2DEC2" />
		<ctl name="ISRC2DEC1 Input" value="ASRC1IN2L" />
		<ctl name="ISRC2DEC2 Input" value="ASRC1IN2R" />
		<ctl name="ISRC2DEC3 Input" value="AIF1RX1" />
		<ctl name="ISRC2DEC4 Input" value="AIF1RX2" />
		<ctl name="ASRC1IN2L Input" value="AIF2RX1" />
		<ctl name="ASRC1IN2R Input" value="AIF2RX2" />
		<ctl name="AIF3TX1 Input 1 Volume" value="32" />
		<ctl name="AIF3TX2 Input 1 Volume" value="32" />
		<ctl name="AIF3TX1 Input 2 Volume" value="32" />
		<ctl name="AIF3TX2 Input 2 Volume" value="32" />
	</path>

	<path name="incall_default-bt-ble-headset">
		<path name="incall_default-bt-sco-headset" />
	</path>

	<!-- NB -->
	<path name="incall_nb-handset">
		<path name="mute-headset" />
		<path name="mute-speaker" />
		<ctl name="CP Mode" value="Inverting" />
		<ctl name="ASRC1 Rate 1" value="SYNCCLK rate 1" />
		<ctl name="ASRC1IN2L Input" value="AIF2RX1" />
		<ctl name="HPOUT3L Input 2" value="ASRC1IN2L" />
		<ctl name="HPOUT3R Input 2" value="ASRC1IN2L" />
		<ctl name="HPOUT3L Input 1" value="AIF1RX1" />
		<ctl name="HPOUT3R Input 1" value="AIF1RX2" />
		<ctl name="RCV Switch" value="1" />
		<!-- Call recording route -->
		<ctl name="AIF1TX1 Input 2" value="ASRC1IN2L" />
		<ctl name="AIF1TX2 Input 2" value="ASRC1IN2L" />
	</path>

	<path name="incall_nb-speaker">
		<path name="mute-headset" />
		<path name="unmute-speaker" />
		<ctl name="ASRC1 Rate 1" value="SYNCCLK rate 1" />
		<ctl name="DSP5 Rate" value="ASYNCCLK rate 2" />
		<ctl name="ASRC1IN2L Input" value="AIF2RX1" />
		<ctl name="LHPF4 Input 1" value="AIF1RX1" />
		<ctl name="LHPF4 Input 2" value="ASRC1IN2L" />
		<ctl name="ASRC2IN1R Input" value="LHPF4" />
		<ctl name="ASRC2IN1L Input" value="LHPF4" />
		<ctl name="DSP5L Input 1" value="ASRC2IN1R" />
		<ctl name="DSP5L Input 2" value="ASRC2IN1L" />
		<ctl name="AIF4TX1 Input 1" value="DSP5.1" />
		<ctl name="AIF4TX2 Input 1" value="DSP5.1" />
		<ctl name="DSP5 Aux 2" value="AIF4RX1" />
		<ctl name="DSP5 Aux 3" value="AIF4RX2" />
		<ctl name="VI SENSING Switch" value="1" />
		<ctl name="SPK Switch" value="1" />
		<!-- Call recording route -->
		<ctl name="AIF1TX1 Input 2" value="ASRC1IN2L" />
		<ctl name="AIF1TX2 Input 2" value="ASRC1IN2L" />
	</path>

	<path name="incall_nb-headset">
		<path name="mute-speaker" />
		<ctl name="ASRC1 Rate 1" value="SYNCCLK rate 1" />
		<ctl name="ASRC1IN2L Input" value="AIF2RX1" />
		<ctl name="LHPF3 Input 1" value="IN2L" />
		<ctl name="LHPF3 Input 2" value="IN2L" />
		<ctl name="HPOUT1L Input 3" value="LHPF3" />
		<ctl name="HPOUT1R Input 3" value="LHPF3" />
		<ctl name="HPOUT1L Input 2" value="ASRC1IN2L" />
		<ctl name="HPOUT1R Input 2" value="ASRC1IN2L" />
		<ctl name="HPOUT1L Input 1" value="AIF1RX1" />
		<ctl name="HPOUT1R Input 1" value="AIF1RX2" />
		<ctl name="HP Switch" value="1" />
		<!-- Call recording route -->
		<ctl name="AIF1TX1 Input 2" value="ASRC1IN2L" />
		<ctl name="AIF1TX2 Input 2" value="ASRC1IN2L" />
	</path>

	<path name="incall_nb-headphone">
		<path name="incall_nb-headset" />
	</path>

	<path name="incall_nb-bt-sco-headset">
		<path name="mute-headset" />
		<ctl name="Sample Rate 2" value="8kHz" />
		<ctl name="ASRC1 Rate 1" value="SYNCCLK rate 1" />
		<ctl name="ISRC2 FSL" value="SYNCCLK rate 2" />
		<ctl name="ISRC2 FSH" value="SYNCCLK rate 1" />
		<ctl name="AIF3TX1 Input 1" value="ISRC2DEC3" />
		<ctl name="AIF3TX2 Input 1" value="ISRC2DEC4" />
		<ctl name="AIF3TX1 Input 2" value="ISRC2DEC1" />
		<ctl name="AIF3TX2 Input 2" value="ISRC2DEC2" />
		<ctl name="ISRC2DEC1 Input" value="ASRC1IN2L" />
		<ctl name="ISRC2DEC2 Input" value="ASRC1IN2R" />
		<ctl name="ISRC2DEC3 Input" value="AIF1RX1" />
		<ctl name="ISRC2DEC4 Input" value="AIF1RX2" />
		<ctl name="ASRC1IN2L Input" value="AIF2RX1" />
		<ctl name="ASRC1IN2R Input" value="AIF2RX2" />
		<!-- Call recording route -->
		<ctl name="AIF1TX1 Input 2" value="ASRC1IN2L" />
		<ctl name="AIF1TX2 Input 2" value="ASRC1IN2R" />
	</path>

	<path name="incall_nb-bt-ble-headset">
		<path name="incall_nb-bt-sco-headset" />
	</path>

	<!-- NB/HANDOVER -->	
	<path name="incall_nb_handover-handset">
		<ctl name="CP Mode" value="Inverting" />
		<ctl name="Sample Rate 2" value="16kHz" />
		<ctl name="ASRC1 Rate 1" value="SYNCCLK rate 2" />
		<ctl name="DSP4 Rate" value="SYNCCLK rate 2" />
		<ctl name="ISRC2 FSL" value="SYNCCLK rate 2" />
		<ctl name="ISRC2 FSH" value="SYNCCLK rate 1" />
		<ctl name="ASRC1IN2L Input" value="AIF2RX1" />
		<ctl name="DSP4 Firmware" value="RX_NB" />
		<ctl name="DSP4 Aux 1" value="ASRC1IN2L" />
		<ctl name="DSP4 Aux 2" value="ISRC2DEC1" />
		<ctl name="ISRC2INT1 Input" value="DSP4.3" />
		<ctl name="HPOUT3L Input 2" value="ISRC2INT1" />
		<ctl name="HPOUT3R Input 2" value="ISRC2INT1" />
		<ctl name="HPOUT3L Input 1" value="AIF1RX1" />
		<ctl name="HPOUT3R Input 1" value="AIF1RX2" />
		<ctl name="RCV Switch" value="1" />
		<!-- Call recording route -->
		<ctl name="AIF1TX1 Input 2" value="ISRC2INT1" />
		<ctl name="AIF1TX2 Input 2" value="ISRC2INT1" />
	</path>

	<path name="incall_nb_handover-speaker">
		<ctl name="Sample Rate 2" value="16kHz" />
		<ctl name="ASRC1 Rate 1" value="SYNCCLK rate 2" />
		<ctl name="DSP4 Rate" value="SYNCCLK rate 2" />
		<ctl name="DSP5 Rate" value="ASYNCCLK rate 2" />
		<ctl name="ISRC2 FSL" value="SYNCCLK rate 2" />
		<ctl name="ISRC2 FSH" value="SYNCCLK rate 1" />
		<ctl name="ASRC1IN2L Input" value="AIF2RX1" />
		<ctl name="DSP4 Firmware" value="RX_NB" />
		<ctl name="DSP4 Aux 1" value="ASRC1IN2L" />
		<ctl name="DSP4 Aux 2" value="ISRC2DEC2" />
		<ctl name="ISRC2INT1 Input" value="DSP4.3" />
		<ctl name="LHPF4 Input 1" value="AIF1RX1" />
		<ctl name="LHPF4 Input 2" value="ISRC2INT1" />
		<ctl name="ASRC2IN1R Input" value="LHPF4" />
		<ctl name="ASRC2IN1L Input" value="LHPF4" />
		<ctl name="DSP5L Input 1" value="ASRC2IN1R" />
		<ctl name="DSP5L Input 2" value="ASRC2IN1L" />
		<ctl name="AIF4TX1 Input 1" value="DSP5.1" />
		<ctl name="AIF4TX2 Input 1" value="DSP5.1" />
		<ctl name="DSP5 Aux 2" value="AIF4RX1" />
		<ctl name="DSP5 Aux 3" value="AIF4RX2" />
		<ctl name="VI SENSING Switch" value="1" />
		<ctl name="SPK Switch" value="1" />
		<!-- Call recording route -->
		<ctl name="AIF1TX1 Input 2" value="ISRC2INT1" />
		<ctl name="AIF1TX2 Input 2" value="ISRC2INT1" />
	</path>

	<path name="incall_nb_handover-headset">
		<ctl name="Sample Rate 2" value="16kHz" />
		<ctl name="ASRC1 Rate 1" value="SYNCCLK rate 2" />
		<ctl name="DSP4 Rate" value="SYNCCLK rate 2" />
		<ctl name="ISRC2 FSL" value="SYNCCLK rate 2" />
		<ctl name="ISRC2 FSH" value="SYNCCLK rate 1" />
		<ctl name="ASRC1IN2L Input" value="AIF2RX1" />
		<ctl name="DSP4 Firmware" value="RX_NB" />
		<ctl name="DSP4 Aux 1" value="ASRC1IN2L" />
		<ctl name="DSP4 Aux 2" value="ISRC2DEC3" />
		<ctl name="ISRC2INT1 Input" value="DSP4.3" />
		<ctl name="HPOUT1L Input 2" value="ISRC2INT1" />
		<ctl name="HPOUT1R Input 2" value="ISRC2INT1" />
		<ctl name="HPOUT1L Input 1" value="AIF1RX1" />
		<ctl name="HPOUT1R Input 1" value="AIF1RX2" />
		<ctl name="HP Switch" value="1" />
		<!-- Call recording route -->
		<ctl name="AIF1TX1 Input 2" value="ISRC2INT1" />
		<ctl name="AIF1TX2 Input 2" value="ISRC2INT1" />
	</path>

	<path name="incall_nb_handover-headphone">
		<ctl name="Sample Rate 2" value="16kHz" />
		<ctl name="ASRC1 Rate 1" value="SYNCCLK rate 2" />
		<ctl name="DSP4 Rate" value="SYNCCLK rate 2" />
		<ctl name="ISRC2 FSL" value="SYNCCLK rate 2" />
		<ctl name="ISRC2 FSH" value="SYNCCLK rate 1" />
		<ctl name="ASRC1IN2L Input" value="AIF2RX1" />
		<ctl name="DSP4 Firmware" value="RX_NB" />
		<ctl name="DSP4 Aux 1" value="ASRC1IN2L" />
		<ctl name="DSP4 Aux 2" value="ISRC2DEC1" />
		<ctl name="ISRC2INT1 Input" value="DSP4.3" />
		<ctl name="HPOUT1L Input 2" value="ISRC2INT1" />
		<ctl name="HPOUT1R Input 2" value="ISRC2INT1" />
		<ctl name="HPOUT1L Input 1" value="AIF1RX1" />
		<ctl name="HPOUT1R Input 1" value="AIF1RX2" />
		<ctl name="HP Switch" value="1" />
		<!-- Call recording route -->
		<ctl name="AIF1TX1 Input 2" value="ISRC2INT1" />
		<ctl name="AIF1TX2 Input 2" value="ISRC2INT1" />
	</path>

	<!-- NB/EXTRA_VOL -->	
	<path name="incall_nb_extra_vol-handset">
		<path name="incall_nb-handset" />
	</path>

	<path name="incall_nb_extra_vol-speaker">
		<path name="incall_nb-speaker" />
	</path>

	<!-- NB/EXTRA_VOL/HANDOVER -->	
	<path name="incall_nb_extra_vol_handover-handset">
		<path name="incall_nb_handover-handset" />
	</path>

	<path name="incall_nb_extra_vol_handover-speaker">
		<path name="incall_nb_handover-speaker" />
	</path>

	<!-- WB -->
	<path name="incall_wb-handset">
		<path name="incall_nb-handset" />
	</path>

	<path name="incall_wb-speaker">
		<path name="incall_nb-speaker" />
	</path>

	<path name="incall_wb-headset">
		<path name="incall_nb-headset" />
	</path>

	<path name="incall_wb-headphone">
		<path name="incall_nb-headphone" />
	</path>

	<path name="incall_wb-bt-sco-headset">
		<path name="mute-headset" />
		<ctl name="Sample Rate 2" value="16kHz" />
		<ctl name="ASRC1 Rate 1" value="SYNCCLK rate 1" />
		<ctl name="ISRC2 FSL" value="SYNCCLK rate 2" />
		<ctl name="ISRC2 FSH" value="SYNCCLK rate 1" />
		<ctl name="AIF3TX1 Input 1" value="ISRC2DEC3" />
		<ctl name="AIF3TX2 Input 1" value="ISRC2DEC4" />
		<ctl name="AIF3TX1 Input 2" value="ISRC2DEC1" />
		<ctl name="AIF3TX2 Input 2" value="ISRC2DEC2" />
		<ctl name="ISRC2DEC1 Input" value="ASRC1IN2L" />
		<ctl name="ISRC2DEC2 Input" value="ASRC1IN2R" />
		<ctl name="ISRC2DEC3 Input" value="AIF1RX1" />
		<ctl name="ISRC2DEC4 Input" value="AIF1RX2" />
		<ctl name="ASRC1IN2L Input" value="AIF2RX1" />
		<ctl name="ASRC1IN2R Input" value="AIF2RX2" />
		<!-- Call recording route -->
		<ctl name="AIF1TX1 Input 2" value="ASRC1IN2L" />
		<ctl name="AIF1TX2 Input 2" value="ASRC1IN2R" />
	</path>

	<path name="incall_wb-bt-ble-headset">
		<path name="incall_wb-bt-sco-headset" />
	</path>

	<!-- WB/EXTRA_VOL -->	
	<path name="incall_wb_extra_vol-handset">
		<path name="incall_wb-handset" />
	</path>

	<path name="incall_wb_extra_vol-speaker">
		<path name="incall_wb-speaker" />
	</path>

	<!-- VoLTE CP playback -->
	<!-- VoLTE CP NB -->
	<path name="volte_cp_nb-handset">
		<path name="incall_nb-handset" />
	</path>

	<path name="volte_cp_nb-speaker">
		<path name="incall_nb-speaker" />
	</path>

	<path name="volte_cp_nb-headset">
		<path name="incall_nb-headset" />
	</path>

	<path name="volte_cp_nb-headphone">
		<path name="incall_nb-headphone" />
	</path>

	<path name="volte_cp_nb-bt-sco-headset">
		<path name="incall_nb-bt-sco-headset" />
	</path>

	<path name="volte_cp_nb-bt-ble-headset">
		<path name="incall_nb-bt-sco-headset" />
	</path>

	<!-- VoLTE CP NB/HANDOVER -->
	<path name="volte_cp_nb_handover-handset">
		<path name="incall_nb_handover-handset" />
	</path>

	<path name="volte_cp_nb_handover-speaker">
		<path name="incall_nb_handover-speaker" />
	</path>

	<path name="volte_cp_nb_handover-headset">
		<path name="incall_nb_handover-headset" />
	</path>

	<path name="volte_cp_nb_handover-headphone">
		<path name="incall_nb_handover-headphone" />
	</path>

	<!-- VoLTE CP NB/EXTRA_VOL -->	
	<path name="volte_cp_nb_extra_vol-handset">
		<path name="incall_nb-handset" />
	</path>

	<path name="volte_cp_nb_extra_vol-speaker">
		<path name="incall_nb-speaker" />
	</path>

	<!-- VoLTE CP NB/EXTRA_VOL/HANDOVER -->	
	<path name="volte_cp_nb_extra_vol_handover-handset">
		<path name="incall_nb_handover-handset" />
	</path>

	<path name="volte_cp_nb_extra_vol_handover-speaker">
		<path name="incall_nb_handover-speaker" />
	</path>

	<!-- VoLTE VT CP NB -->
	<path name="volte_vt_cp_nb-handset">
		<path name="incall_nb-handset" />
	</path>

	<path name="volte_vt_cp_nb-speaker">
		<path name="incall_nb-speaker" />
	</path>

	<path name="volte_vt_cp_nb-headset">
		<path name="incall_nb-headset" />
	</path>

	<path name="volte_vt_cp_nb-headphone">
		<path name="incall_nb-headphone" />
	</path>

	<path name="volte_vt_cp_nb-bt-sco-headset">
		<path name="incall_nb-bt-sco-headset" />
	</path>

	<path name="volte_vt_cp_nb-bt-ble-headset">
		<path name="incall_nb-bt-sco-headset" />
	</path>

	<!-- VoLTE CP WB -->
	<path name="volte_cp_wb-handset">
		<path name="incall_wb-handset" />
	</path>

	<path name="volte_cp_wb-speaker">
		<path name="incall_wb-speaker" />
	</path>

	<path name="volte_cp_wb-headset">
		<path name="incall_wb-headset" />
	</path>

	<path name="volte_cp_wb-headphone">
		<path name="incall_wb-headphone" />
	</path>

	<path name="volte_cp_wb-bt-sco-headset">
		<path name="incall_wb-bt-sco-headset" />
	</path>

	<path name="volte_cp_wb-bt-ble-headset">
		<path name="incall_wb-bt-sco-headset" />
	</path>

	<!-- VoLTE CP WB/EXTRA_VOL -->	
	<path name="volte_cp_wb_extra_vol-handset">
		<path name="incall_wb-handset" />
	</path>

	<path name="volte_cp_wb_extra_vol-speaker">
		<path name="incall_wb-speaker" />
	</path>

	<!-- VoLTE VT CP WB -->
	<path name="volte_vt_cp_wb-handset">
		<path name="incall_wb-handset" />
	</path>

	<path name="volte_vt_cp_wb-speaker">
		<path name="incall_wb-speaker" />
	</path>

	<path name="volte_vt_cp_wb-headset">
		<path name="incall_wb-headset" />
	</path>

	<path name="volte_vt_cp_wb-headphone">
		<path name="incall_wb-headphone" />
	</path>

	<path name="volte_vt_cp_wb-bt-sco-headset">
		<path name="incall_wb-bt-sco-headset" />
	</path>

	<path name="volte_vt_cp_wb-bt-ble-headset">
		<path name="incall_wb-bt-sco-headset" />
	</path>

	<!-- Loopback (no delay) -->
	<path name="loopback-headset">
		<path name="incall_nb-headset" />
		<ctl name="HPOUT1L Input 3" value="None" />
		<ctl name="HPOUT1R Input 3" value="None" />
	</path>

	<!-- Packet Loopback -->
	<path name="loopback_packet-handset">
		<path name="incall_nb-handset" />
	</path>

	<path name="loopback_packet-speaker">
		<path name="incall_nb-speaker" />
	</path>

	<path name="loopback_packet-headset">
		<path name="loopback-headset" />
	</path>

	<!-- TTY Mode -->
	<path name="tty_mode-handset">
		<ctl name="CP Mode" value="Inverting" />
		<ctl name="ASRC1 Rate 1" value="SYNCCLK rate 1" />
		<ctl name="ASRC1IN2L Input" value="AIF2RX1" />
		<ctl name="ASRC1IN2R Input" value="AIF2RX1" />
		<ctl name="HPOUT3L Input 2" value="ASRC1IN2L" />
		<ctl name="HPOUT3R Input 2" value="ASRC1IN2R" />
		<ctl name="HPOUT3L Input 1" value="AIF1RX1" />
		<ctl name="HPOUT3R Input 1" value="AIF1RX2" />
		<ctl name="RCV Switch" value="1" />
	</path>

	<path name="tty_mode-headset">
		<ctl name="ASRC1 Rate 1" value="SYNCCLK rate 1" />
		<ctl name="ASRC1IN2L Input" value="AIF2RX1" />
		<ctl name="ASRC1IN2R Input" value="AIF2RX1" />
		<ctl name="HPOUT1L Input 2" value="ASRC1IN2L" />
		<ctl name="HPOUT1R Input 2" value="ASRC1IN2L" />
		<ctl name="HPOUT1L Input 1" value="AIF1RX1" />
		<ctl name="HPOUT1R Input 1" value="AIF1RX2" />
		<ctl name="HP Switch" value="1" />
	</path>

	<path name="tty_mode-headphone">
		<path name="tty_mode-headset" />
	</path>

	<!-- call forwarding output -->
	<path name="call_forwarding_master">
		<ctl name="ASRC1 Rate 1" value="SYNCCLK rate 1" />
		<ctl name="ASRC1IN1L Input" value="AIF1RX1" />
		<ctl name="ASRC1IN1R Input" value="AIF1RX2" />
		<ctl name="AIF2TX1 Input 1" value="ASRC1IN1L" />
		<ctl name="AIF2TX2 Input 1" value="ASRC1IN1R" />
	</path>

	<path name="call_forwarding_slave-handset">
		<path name="communication-handset" />
	</path>

	<path name="call_forwarding_slave-speaker">
		<path name="communication-speaker" />
	</path>

	<path name="call_forwarding_slave-headset">
		<path name="communication-headset" />
	</path>

	<path name="call_forwarding_slave-headphone">
		<path name="communication-headphone" />
	</path>

	<path name="call_forwarding_slave-bt-sco-headset">
		<path name="communication-bt-sco-headset" />
	</path>

	<path name="call_forwarding_slave-bt-ble-headset">
		<path name="communication-bt-sco-headset" />
	</path>

	<!-- remote mic output -->
	<path name="remote-bt-ble-headset">
		<ctl name="ISRC2 FSL" value="SYNCCLK rate 2" />
		<ctl name="ISRC2 FSH" value="SYNCCLK rate 1" />
		<ctl name="ISRC2DEC1 Input" value="AIF1RX1" />
		<ctl name="ISRC2DEC2 Input" value="AIF1RX2" />
		<ctl name="AIF3TX1 Input 1" value="ISRC2DEC1" />
		<ctl name="AIF3TX2 Input 1" value="ISRC2DEC2" />
	</path>

	<!-- Input stage -->
	<path name="main-mic">
		<ctl name="LHPF1 Input 1" value="IN1L" />
		<ctl name="Main Mic Switch" value="1" />
	</path>

	<path name="2nd-mic">
		<ctl name="LHPF2 Input 1" value="IN3L" />
		<ctl name="Sub Mic Switch" value="1" />
	</path>

	<path name="3rd-mic">
		<ctl name="LHPF2 Input 1" value="IN4R" />
		<ctl name="Third Mic Switch" value="1" />
	</path>

	<path name="headset-mic">
		<ctl name="LHPF1 Input 1" value="IN2L" />
		<ctl name="Headset Mic Switch" value="1" />
	</path>

	<!-- media input -->
	<path name="media-mic">
		<path name="capture_channel_left" />
		<path name="main-mic" />
	</path>

	<path name="media-headset-mic">
		<path name="capture_channel_left" />
		<path name="headset-mic" />
	</path>

	<path name="media-headphone-mic">
		<path name="media-mic" />
	</path>

	<path name="media-bt-sco-headset-in">
		<ctl name="ISRC2 FSL" value="SYNCCLK rate 2" />
		<ctl name="ISRC2 FSH" value="SYNCCLK rate 1" />
		<ctl name="ISRC2INT1 Input" value="AIF3RX1" />
		<ctl name="ISRC2INT2 Input" value="AIF3RX2" />
		<ctl name="AIF1TX1 Input 1" value="ISRC2INT1" />
		<ctl name="AIF1TX2 Input 1" value="ISRC2INT1" />
	</path>

	<!-- camcorder input -->
	<path name="camcorder-mic">
		<path name="capture_channel_invert" />
		<path name="main-mic" />
		<path name="2nd-mic" />
	</path>

	<path name="camcorder-headset-mic">
		<path name="media-headset-mic" />
	</path>

	<path name="camcorder-headphone-mic">
		<path name="camcorder-mic" />
	</path>

	<!-- voice input -->
	<path name="recording-mic">
		<path name="media-mic" />
	</path>

	<path name="recording-headset-mic">
		<path name="media-headset-mic" />
	</path>

	<path name="recording-headphone-mic">
		<path name="media-mic" />
	</path>

	<path name="recording-bt-sco-headset-in">
		<path name="media-bt-sco-headset-in" />
	</path>

	<!-- jam voice input -->
	<path name="recording-jam-mic">
		<path name="media-mic" />
	</path>

	<path name="recording-jam-headset-mic">
		<path name="media-headset-mic" />
	</path>

	<!-- interview input -->
	<path name="interview-mic">
		<ctl name="Sample Rate 2" value="24kHz" />
		<ctl name="ISRC1 FSL" value="SYNCCLK rate 2" />
		<ctl name="ISRC1 FSH" value="SYNCCLK rate 1" />
		<ctl name="DSP2 Rate" value="SYNCCLK rate 2" />
		<ctl name="DSP3 Rate" value="SYNCCLK rate 2" />
		<ctl name="ISRC1DEC1 Input" value="IN1L" />
		<ctl name="ISRC1DEC2 Input" value="IN3L" />
		<ctl name="DSP2 Firmware" value="TX_SWB_INTERVIEW" />
		<ctl name="DSP3 Firmware" value="TX_SWB_INTERVIEW" />
		<ctl name="DSP3 Virtual Input" value="Shared Memory" />
		<ctl name="DSP2 Aux 6" value="IN1L" />
		<ctl name="DSP3L Input 1" value="ISRC1DEC2" />
		<ctl name="DSP3R Input 1" value="ISRC1DEC1" />
		<ctl name="ISRC1INT1 Input" value="DSP3.1" />
		<ctl name="ISRC1INT2 Input" value="DSP3.2" />
		<ctl name="AIF1TX1 Input 1" value="ISRC1INT1" />
		<ctl name="AIF1TX2 Input 1" value="ISRC1INT2" />
		<ctl name="Main Mic Switch" value="1" />
		<ctl name="Sub Mic Switch" value="1" />
	</path>

	<!-- meeting input -->
	<path name="meeting-mic">
		<!-- TODO: We will make this -->
	</path>

	<!-- lpsd control input -->
	<path name="lpsd_control-mic">
		<ctl name="Sample Rate 2" value="16kHz" />
		<ctl name="ISRC1 FSL" value="SYNCCLK rate 2" />
		<ctl name="ISRC1 FSH" value="SYNCCLK rate 1" />
		<ctl name="DSP6 Rate" value="SYNCCLK rate 2" />
		<ctl name="VoiceControl Mode" value="LPSD" />
		<ctl name="DSP6 Firmware" value="LPSD" />
		<ctl name="ISRC1DEC1 Input" value="IN1L" />
		<ctl name="DSP6 Aux 1" value="ISRC1DEC1" />
		<ctl name="DSP Virtual Output Mux" value="DSP6" />
		<ctl name="Main Mic Switch" value="1" />
	</path>

	<!-- voice control input -->
	<path name="voice_control-mic">
		<ctl name="Sample Rate 2" value="16kHz" />
		<ctl name="VoiceControl Mode" value="Normal" />
		<ctl name="In Rate" value="SYNCCLK rate 2" />
		<ctl name="DSP6 Rate" value="SYNCCLK rate 2" />
		<ctl name="DSP6 Firmware" value="VOICECONTROL" />
		<ctl name="IN1 OSR" value="768kHz" />
		<ctl name="DSP6 Aux 1" value="IN1L" />
		<ctl name="DSP Virtual Output Mux" value="DSP6" />
		<ctl name="Main Mic Switch" value="1" />
	</path>

	<!-- voice_control_with_okgoogle input -->
	<path name="voice_control_with_okgoogle-mic">
		<ctl name="Sample Rate 2" value="16kHz" />
		<ctl name="ISRC2 FSL" value="SYNCCLK rate 2" />
		<ctl name="ISRC2 FSH" value="SYNCCLK rate 1" />
		<ctl name="DSP6 Rate" value="SYNCCLK rate 2" />
		<ctl name="VoiceControl Mode" value="Normal" />
		<ctl name="In Rate" value="SYNCCLK rate 2" />
		<ctl name="DSP6 Firmware" value="VOICECONTROL" />
		<ctl name="IN1 OSR" value="1.536MHz" />
		<ctl name="ISRC2DEC1 Input" value="IN1L" />
		<ctl name="DSP6 Aux 1" value="ISRC2DEC1" />
		<ctl name="DSP Virtual Output Mux" value="DSP6" />
		<ctl name="Main Mic Switch" value="1" />
	  <!--recording route -->
		<ctl name="LHPF1 Input 1" value="IN1L" />
		<ctl name="AIF1TX1 Input 1" value="LHPF1" />
		<ctl name="AIF1TX2 Input 1" value="LHPF1" />
	</path>

	<!-- voice_control_with_okgoogle input headset -->
	<path name="voice_control_with_okgoogle-headset-mic">
		<ctl name="Sample Rate 2" value="16kHz" />
		<ctl name="ISRC2 FSL" value="SYNCCLK rate 2" />
		<ctl name="ISRC2 FSH" value="SYNCCLK rate 1" />
		<ctl name="DSP6 Rate" value="SYNCCLK rate 2" />
		<ctl name="VoiceControl Mode" value="Normal" />
		<ctl name="In Rate" value="SYNCCLK rate 2" />
		<ctl name="DSP6 Rate" value="SYNCCLK rate 2" />
		<ctl name="DSP6 Firmware" value="VOICECONTROL" />
		<ctl name="IN1 OSR" value="1.536MHz" />
		<ctl name="ISRC2DEC1 Input" value="IN1L" />
		<ctl name="DSP6 Aux 1" value="ISRC2DEC1" />
		<ctl name="DSP Virtual Output Mux" value="DSP6" />
		<ctl name="Main Mic Switch" value="1" />
	  <!--recording route -->
		<ctl name="Headset Mic Switch" value="1" />
		<ctl name="LHPF1 Input 1" value="IN2L" />
		<ctl name="AIF1TX1 Input 1" value="LHPF1" />
		<ctl name="AIF1TX2 Input 1" value="LHPF1" />
	</path>

	<!-- recognition input -->
	<path name="recognition-mic">
		<path name="media-mic" />
	</path>

	<path name="recognition-headset-mic">
		<path name="media-headset-mic" />
	</path>

	<path name="recognition-headphone-mic">
		<path name="media-mic" />
	</path>

	<path name="recognition-bt-sco-headset-in">
		<path name="media-bt-sco-headset-in" />
	</path>

	<!-- bargein samsung input -->
	<path name="bargein_samsung_engine-mic">
		<path name="2nd-mic" />
		<ctl name="ASRC2IN2L Input" value="DSP5.1" />
		<ctl name="AIF1TX1 Input 1" value="LHPF2" />
		<ctl name="AIF1TX2 Input 1" value="ASRC2IN2L" />
	</path>

	<path name="bargein_samsung_engine-headset-mic">
		<path name="media-headset-mic" />
	</path>

	<path name="bargein_samsung_engine-bt-sco-headset-in">
		<path name="media-bt-sco-headset-in" />
	</path>

	<!-- bargein external input -->
	<path name="bargein_external_engine-mic">
		<path name="2nd-mic" />
		<ctl name="ASRC2IN2L Input" value="DSP5.1" />
		<ctl name="AIF1TX1 Input 1" value="LHPF2" />
		<ctl name="AIF1TX2 Input 1" value="ASRC2IN2L" />
	</path>

	<path name="bargein_external_engine-headset-mic">
		<path name="media-headset-mic" />
	</path>

	<path name="bargein_external_engine-bt-sco-headset-in">
		<path name="media-bt-sco-headset-in" />
	</path>

	<!-- svoice/carmode samsung input -->
	<path name="dualmic_samsung_engine-mic">
		<path name="capture_channel_stereo" />
		<path name="main-mic" />
		<path name="2nd-mic" />
	</path>

	<path name="dualmic_samsung_engine-headset-mic">
		<path name="media-headset-mic" />
	</path>

	<path name="dualmic_samsung_engine-bt-sco-headset-in">
		<path name="media-bt-sco-headset-in" />
	</path>

	<!-- svoice/carmode external input -->
	<path name="dualmic_external_engine-mic">
		<path name="dualmic_samsung_engine-mic" />
	</path>

	<path name="dualmic_external_engine-headset-mic">
		<path name="dualmic_samsung_engine-headset-mic" />
	</path>

	<path name="dualmic_external_engine-bt-sco-headset-in">
		<path name="dualmic_samsung_engine-bt-sco-headset-in" />
	</path>

	<!-- communication input -->
	<path name="communication-handset-mic">
		<path name="media-mic" />
	</path>

	<path name="communication-speaker-mic">
		<path name="capture_channel_right" />
		<path name="2nd-mic" />
	</path>

	<path name="communication-headset-mic">
		<path name="media-headset-mic" />
	</path>

	<path name="communication-headphone-mic">
		<path name="media-mic" />
	</path>

	<path name="communication-bt-sco-headset-in">
		<path name="mute-speaker" />
		<path name="media-bt-sco-headset-in" />
	</path>

	<path name="communication-bt-ble-headset-in">
		<path name="mute-speaker" />
		<path name="media-mic" />
	</path>

	<!-- samsung voip input -->
	<path name="samsung_voip-handset-mic">
		<path name="capture_channel_stereo" />
		<path name="main-mic" />
		<path name="2nd-mic" />
	</path>

	<path name="samsung_voip-speaker-mic">
		<path name="capture_channel_invert" />
		<path name="main-mic" />
		<path name="2nd-mic" />
	</path>

	<path name="samsung_voip-headset-mic">
		<path name="communication-headset-mic" />
	</path>

	<path name="samsung_voip-headphone-mic">
		<path name="communication-headphone-mic" />
	</path>

	<path name="samsung_voip-bt-sco-headset-in">
		<path name="communication-bt-sco-headset-in" />
	</path>

	<path name="samsung_voip-bt-ble-headset-in">
		<path name="mute-speaker" />
		<path name="media-mic" />
	</path>

	<!-- voip input -->
	<path name="voip-handset-mic">
		<path name="communication-handset-mic" />
	</path>

	<path name="voip-speaker-mic">
		<path name="communication-speaker-mic" />
	</path>

	<path name="voip-headset-mic">
		<path name="communication-headset-mic" />
	</path>

	<path name="voip-headphone-mic">
		<path name="communication-headphone-mic" />
	</path>

	<path name="voip-bt-sco-headset-in">
		<path name="communication-bt-sco-headset-in" />
	</path>

	<path name="voip-bt-ble-headset-in">
		<path name="communication-bt-ble-headset-in" />
	</path>

	<!-- wificall input -->
	<!-- wificall AP NB -->
	<path name="wificall_nb-handset-mic">
		<ctl name="Main Mic Switch" value="1" />
		<ctl name="Sub Mic Switch" value="1" />
		<ctl name="Sample Rate 3" value="8kHz" />
		<ctl name="DSP2 Rate" value="SYNCCLK rate 3" />
		<ctl name="DSP3 Rate" value="SYNCCLK rate 3" />
		<ctl name="ISRC1 FSL" value="SYNCCLK rate 3" />
		<ctl name="ISRC1 FSH" value="SYNCCLK rate 1" />
		<ctl name="ISRC1DEC1 Input" value="IN1L" />
		<ctl name="ISRC2DEC1 Input" value="IN1L" />
		<ctl name="ISRC1DEC2 Input" value="IN3L" />
		<ctl name="ISRC1DEC4 Input" value="ISRC2INT1" />
		<ctl name="DSP2 Firmware" value="TX_NB" />
		<ctl name="DSP3 Firmware" value="TX_NB" />
		<ctl name="DSP2 Aux 6" value="ISRC2DEC1" />
		<ctl name="DSP3 Virtual Input" value="Shared Memory" />
		<ctl name="DSP3L Input 1" value="ISRC1DEC1" />
		<ctl name="DSP3R Input 1" value="ISRC1DEC2" />
		<ctl name="DSP3 Aux 1" value="ISRC1DEC4" />
		<ctl name="ISRC1INT1 Input" value="DSP3.1" />
		<ctl name="AIF1TX1 Input 1" value="ISRC1INT1" />
		<ctl name="AIF1TX2 Input 1" value="ISRC1INT1" />
	</path>

	<path name="wificall_nb-speaker-mic">
		<ctl name="Main Mic Switch" value="1" />
		<ctl name="Sub Mic Switch" value="1" />
		<ctl name="Sample Rate 3" value="8kHz" />
		<ctl name="DSP2 Rate" value="SYNCCLK rate 3" />
		<ctl name="DSP3 Rate" value="SYNCCLK rate 3" />
		<ctl name="ISRC1 FSL" value="SYNCCLK rate 3" />
		<ctl name="ISRC1 FSH" value="SYNCCLK rate 1" />
		<ctl name="ISRC1DEC1 Input" value="IN1L" />
		<ctl name="ISRC1DEC2 Input" value="IN3L" />
		<ctl name="ISRC2DEC2 Input" value="IN3L" />
		<ctl name="ISRC1DEC4 Input" value="ASRC2IN2L" />
		<ctl name="ASRC2IN2L Input" value="DSP5.1" />		
		<ctl name="DSP2 Firmware" value="TX_NB" />
		<ctl name="DSP3 Firmware" value="TX_NB" />
		<ctl name="DSP2 Aux 6" value="ISRC1DEC2" />
		<ctl name="DSP3 Virtual Input" value="Shared Memory" />
		<ctl name="DSP3L Input 1" value="ISRC1DEC2" />
		<ctl name="DSP3R Input 1" value="ISRC1DEC1" />
		<ctl name="DSP3 Aux 1" value="ISRC1DEC4" />
		<ctl name="ISRC1INT1 Input" value="DSP3.1" />
		<ctl name="AIF1TX1 Input 1" value="ISRC1INT1" />
		<ctl name="AIF1TX2 Input 1" value="ISRC1INT1" />
	</path>

	<path name="wificall_nb-headset-mic">
		<path name="media-headset-mic" />
	</path>

	<path name="wificall_nb-headphone-mic">
		<path name="media-mic" />
	</path>

	<path name="wificall_nb-bt-sco-headset-in">
		<path name="mute-speaker" />
		<path name="media-bt-sco-headset-in" />
	</path>
	
	<path name="wificall_nb-bt-ble-headset-in">
		<path name="mute-speaker" />
		<path name="media-mic" />
	</path>

	<!-- wificall NB/EXTRA_VOL -->
	<path name="wificall_nb_extra_vol-handset-mic">
		<path name="wificall_nb-handset-mic" />
	</path>

	<path name="wificall_nb_extra_vol-speaker-mic">
		<path name="wificall_nb-speaker-mic" />
	</path>

	<!-- wificall AP WB -->
	<path name="wificall_wb-handset-mic">
		<ctl name="Main Mic Switch" value="1" />
		<ctl name="Sub Mic Switch" value="1" />
		<ctl name="DSP2 Rate" value="SYNCCLK rate 2" />
		<ctl name="DSP3 Rate" value="SYNCCLK rate 2" />
		<ctl name="ISRC2 FSL" value="SYNCCLK rate 2" />
		<ctl name="ISRC2 FSH" value="SYNCCLK rate 1" />
		<ctl name="ISRC2DEC1 Input" value="IN1L" />
		<ctl name="ISRC2DEC2 Input" value="IN3L" />
		<ctl name="DSP2 Firmware" value="TX_WB" />
		<ctl name="DSP3 Firmware" value="TX_WB" />
		<ctl name="DSP2 Aux 6" value="ISRC2DEC1" />
		<ctl name="DSP3 Virtual Input" value="Shared Memory" />
		<ctl name="DSP3L Input 1" value="ISRC2DEC1" />
		<ctl name="DSP3R Input 1" value="ISRC2DEC2" />
		<ctl name="DSP3 Aux 1" value="DSP4.3" />
		<ctl name="ISRC2INT2 Input" value="DSP3.1" />
		<ctl name="AIF1TX1 Input 1" value="ISRC2INT2" />
		<ctl name="AIF1TX2 Input 1" value="ISRC2INT2" />
	</path>

	<path name="wificall_wb-speaker-mic">
		<ctl name="Main Mic Switch" value="1" />
		<ctl name="Sub Mic Switch" value="1" />
		<ctl name="DSP2 Rate" value="SYNCCLK rate 2" />
		<ctl name="DSP3 Rate" value="SYNCCLK rate 2" />
		<ctl name="ISRC2 FSL" value="SYNCCLK rate 2" />
		<ctl name="ISRC2 FSH" value="SYNCCLK rate 1" />
		<ctl name="ISRC2DEC1 Input" value="IN1L" />
		<ctl name="ISRC2DEC2 Input" value="IN3L" />
		<ctl name="ISRC2DEC4 Input" value="ASRC2IN2L" />
		<ctl name="ASRC2IN2L Input" value="DSP5.1" />		
		<ctl name="DSP2 Firmware" value="TX_WB" />
		<ctl name="DSP3 Firmware" value="TX_WB" />
		<ctl name="DSP2 Aux 6" value="ISRC2DEC2" />
		<ctl name="DSP3 Virtual Input" value="Shared Memory" />
		<ctl name="DSP3L Input 1" value="ISRC2DEC2" />
		<ctl name="DSP3R Input 1" value="ISRC2DEC1" />
		<ctl name="DSP3 Aux 1" value="ISRC2DEC4" />
		<ctl name="ISRC2INT2 Input" value="DSP3.1" />
		<ctl name="AIF1TX1 Input 1" value="ISRC2INT2" />
		<ctl name="AIF1TX2 Input 1" value="ISRC2INT2" />
	</path>

	<path name="wificall_wb-headset-mic">
		<path name="media-headset-mic" />
	</path>

	<path name="wificall_wb-headphone-mic">
		<path name="media-mic" />
	</path>

	<path name="wificall_wb-bt-sco-headset-in">
		<path name="mute-speaker" />
		<path name="media-bt-sco-headset-in" />
	</path>
	
	<path name="wificall_wb-bt-ble-headset-in">
		<path name="mute-speaker" />
		<path name="media-mic" />
	</path>

	<!-- wificall WB/EXTRA_VOL -->
	<path name="wificall_wb_extra_vol-handset-mic">
		<path name="wificall_wb-handset-mic" />
	</path>

	<path name="wificall_wb_extra_vol-speaker-mic">
		<path name="wificall_wb-speaker-mic" />
	</path>

	<!-- Video call input -->
	<path name="video_call-handset-mic">
		<path name="wificall_nb-handset-mic" />
	</path>

	<path name="video_call-speaker-mic">
		<path name="wificall_nb-speaker-mic" />
	</path>

	<path name="video_call-headset-mic">
		<path name="media-headset-mic" />
	</path>

	<path name="video_call-headphone-mic">
		<path name="media-mic" />
	</path>

	<path name="video_call-bt-sco-headset-in">
		<path name="mute-speaker" />
		<path name="media-bt-sco-headset-in" />
	</path>

	<path name="video_call-bt-ble-headset-in">
		<path name="mute-speaker" />
		<path name="media-mic" />
	</path>

	<!-- VoLTE AP input -->
	<!-- VoLTE AP NB -->
	<path name="volte_vt_ap_nb-handset-mic">
		<path name="wificall_nb-handset-mic" />
	</path>

	<path name="volte_vt_ap_nb-speaker-mic">
		<path name="wificall_nb-speaker-mic" />
	</path>

	<path name="volte_vt_ap_nb-headset-mic">
		<path name="media-headset-mic" />
	</path>

	<path name="volte_vt_ap_nb-headphone-mic">
		<path name="media-mic" />
	</path>

	<path name="volte_vt_ap_nb-bt-sco-headset-in">
		<path name="mute-speaker" />
		<path name="media-bt-sco-headset-in" />
	</path>

	<path name="volte_vt_ap_nb-bt-ble-headset-in">
		<path name="mute-speaker" />
		<path name="media-mic" />
	</path>

	<!-- VoLTE AP WB -->
	<path name="volte_vt_ap_wb-handset-mic">
		<path name="wificall_wb-handset-mic" />
	</path>

	<path name="volte_vt_ap_wb-speaker-mic">
		<path name="wificall_wb-speaker-mic" />
	</path>

	<path name="volte_vt_ap_wb-headset-mic">
		<path name="media-headset-mic" />
	</path>

	<path name="volte_vt_ap_wb-headphone-mic">
		<path name="media-mic" />
	</path>

	<path name="volte_vt_ap_wb-bt-sco-headset-in">
		<path name="mute-speaker" />
		<path name="media-bt-sco-headset-in" />
	</path>

	<path name="volte_vt_ap_wb-bt-ble-headset-in">
		<path name="mute-speaker" />
		<path name="media-mic" />
	</path>

	<!-- CP Call input -->
	<!-- call default input -->
	<path name="incall_default-handset-mic">
		<path name="main-mic" />
		<ctl name="Sample Rate 2" value="16kHz" />
		<ctl name="ASRC1 Rate 1" value="SYNCCLK rate 2" />
		<ctl name="ISRC2 FSL" value="SYNCCLK rate 2" />
		<ctl name="ISRC2 FSH" value="SYNCCLK rate 1" />
		<ctl name="ISRC2DEC1 Input" value="IN1L" />
		<ctl name="ASRC1IN1L Input" value="ISRC2DEC1" />
		<ctl name="ASRC1IN1R Input" value="ISRC2DEC1" />
		<ctl name="AIF2TX1 Input 1" value="ASRC1IN1L" />
		<ctl name="AIF2TX2 Input 1" value="ASRC1IN1R" />
		<path name="capture_channel_left" />
	</path>

	<path name="incall_default-speaker-mic">
		<path name="2nd-mic" />
		<ctl name="Sample Rate 2" value="16kHz" />
		<ctl name="ASRC1 Rate 1" value="SYNCCLK rate 2" />
		<ctl name="ISRC2 FSL" value="SYNCCLK rate 2" />
		<ctl name="ISRC2 FSH" value="SYNCCLK rate 1" />
		<ctl name="ISRC2DEC3 Input" value="IN3L" />
		<ctl name="IN3L Digital Volume" value="0" />
		<ctl name="ASRC1IN1L Input" value="ISRC2DEC3" />
		<ctl name="ASRC1IN1R Input" value="ISRC2DEC3" />
		<ctl name="AIF2TX1 Input 1" value="ASRC1IN1L" />
		<ctl name="AIF2TX2 Input 1" value="ASRC1IN1R" />
		<path name="capture_channel_right" />
	</path>

	<path name="incall_default-headset-mic">
		<ctl name="Headset Mic Switch" value="1" />
		<ctl name="ASRC1IN1L Input" value="IN2L" />
		<ctl name="AIF2TX1 Input 1" value="ASRC1IN1L" />
		<ctl name="AIF2TX2 Input 1" value="ASRC1IN1L" />
		<!-- Call recording route -->
		<ctl name="LHPF1 Input 1" value="IN2L" />
		<ctl name="AIF1TX1 Input 1" value="LHPF1" />
		<ctl name="AIF1TX2 Input 1" value="LHPF1" />
	</path>

	<path name="incall_default-headphone-mic">
		<path name="main-mic" />
		<ctl name="ASRC1IN1L Input" value="LHPF1" />
		<ctl name="ASRC1IN1R Input" value="LHPF1" />
		<ctl name="AIF2TX1 Input 1" value="ASRC1IN1L" />
		<ctl name="AIF2TX2 Input 1" value="ASRC1IN1R" />
		<path name="capture_channel_left" />
	</path>

	<path name="incall_default-bt-sco-headset-in">
		<ctl name="ASRC1 Rate 1" value="SYNCCLK rate 1" />
		<ctl name="ISRC2 FSL" value="SYNCCLK rate 2" />
		<ctl name="ISRC2 FSH" value="SYNCCLK rate 1" />
		<ctl name="ISRC2INT1 Input" value="AIF3RX1" />
		<ctl name="ISRC2INT2 Input" value="AIF3RX2" />
		<ctl name="ASRC1IN1L Input" value="ISRC2INT1" />
		<ctl name="ASRC1IN1R Input" value="ISRC2INT2" />
		<ctl name="AIF2TX1 Input 1" value="ASRC1IN1L" />
		<ctl name="AIF2TX2 Input 1" value="ASRC1IN1R" />
		<!-- Call recording route -->
		<ctl name="AIF1TX1 Input 1" value="ISRC2INT1" />
		<ctl name="AIF1TX2 Input 1" value="ISRC2INT2" />
	</path>

	<path name="incall_default-bt-ble-headset-in">
		<path name="incall_default-headphone-mic" />
	</path>

	<!-- NB -->
	<path name="incall_nb-handset-mic">
		<ctl name="Headset Mic Switch" value="0" />
		<path name="main-mic" />
		<path name="2nd-mic" />
		<ctl name="ASRC1IN1L Input" value="LHPF1" />
		<ctl name="ASRC1IN1R Input" value="LHPF2" />
		<ctl name="AIF2TX1 Input 1" value="ASRC1IN1L" />
		<ctl name="AIF2TX2 Input 1" value="ASRC1IN1R" />
		<!-- Call recording route -->
		<path name="capture_channel_left" />
	</path>

	<path name="incall_nb-speaker-mic">
		<ctl name="Headset Mic Switch" value="0" />
		<path name="main-mic" />
		<path name="2nd-mic" />
		<ctl name="ASRC1IN1L Input" value="LHPF1" />
		<ctl name="ASRC1IN1R Input" value="LHPF2" />
		<ctl name="AIF2TX1 Input 1" value="ASRC1IN1L" />
		<ctl name="AIF2TX2 Input 1" value="ASRC1IN1R" />
		<!-- Call recording route -->
		<path name="capture_channel_right" />
	</path>

	<path name="incall_nb-headset-mic">
		<path name="headset-mic" />
		<ctl name="ASRC1IN1L Input" value="LHPF1" />
		<ctl name="ASRC1IN1R Input" value="LHPF1" />
		<ctl name="AIF2TX1 Input 1" value="ASRC1IN1L" />
		<ctl name="AIF2TX2 Input 1" value="ASRC1IN1R" />
		<!-- Call recording route -->
		<path name="capture_channel_left" />
	</path>

	<path name="incall_nb-headphone-mic">
		<path name="main-mic" />
		<ctl name="ASRC1IN1L Input" value="LHPF1" />
		<ctl name="ASRC1IN1R Input" value="LHPF1" />
		<ctl name="AIF2TX1 Input 1" value="ASRC1IN1L" />
		<ctl name="AIF2TX2 Input 1" value="ASRC1IN1R" />
		<!-- Call recording route -->
		<path name="capture_channel_left" />
	</path>

	<path name="incall_nb-bt-sco-headset-in">
		<path name="mute-speaker" />
		<ctl name="Sample Rate 2" value="8kHz" />
		<ctl name="ASRC1 Rate 1" value="SYNCCLK rate 1" />
		<ctl name="ISRC2 FSL" value="SYNCCLK rate 2" />
		<ctl name="ISRC2 FSH" value="SYNCCLK rate 1" />
		<ctl name="ISRC2INT1 Input" value="AIF3RX1" />
		<ctl name="ISRC2INT2 Input" value="AIF3RX2" />
		<ctl name="ASRC1IN1L Input" value="ISRC2INT1" />
		<ctl name="ASRC1IN1R Input" value="ISRC2INT2" />	
		<ctl name="AIF2TX1 Input 1" value="ASRC1IN1L" />
		<ctl name="AIF2TX2 Input 1" value="ASRC1IN1R" />
		<!-- Call recording route -->
		<ctl name="AIF1TX1 Input 1" value="ISRC2INT1" />
		<ctl name="AIF1TX2 Input 1" value="ISRC2INT2" />
	</path>

	<path name="incall_nb-bt-ble-headset-in">
		<path name="mute-speaker" />
		<path name="incall_nb-headphone-mic" />
	</path>

	<!-- NB/HANDOVER -->
	<path name="incall_nb_handover-handset-mic">
		<ctl name="Headset Mic Switch" value="0" />
		<ctl name="Main Mic Switch" value="1" />
		<ctl name="Sub Mic Switch" value="1" />
		<ctl name="ISRC2DEC1 Input" value="IN1L" />
		<ctl name="ISRC2DEC2 Input" value="IN3L" />
		<ctl name="ASRC1IN1L Input" value="ISRC2DEC1" />
		<ctl name="ASRC1IN1R Input" value="ISRC2DEC2" />
		<ctl name="AIF2TX1 Input 1" value="ASRC1IN1L" />
		<ctl name="AIF2TX2 Input 1" value="ASRC1IN1R" />
		<!-- Call recording route -->
		<ctl name="LHPF1 Input 1" value="IN1L" />
		<ctl name="AIF1TX1 Input 1" value="LHPF1" />
		<ctl name="AIF1TX2 Input 1" value="LHPF1" />
	</path>

	<path name="incall_nb_handover-speaker-mic">
		<ctl name="Headset Mic Switch" value="0" />
		<ctl name="Main Mic Switch" value="1" />
		<ctl name="Sub Mic Switch" value="1" />
		<ctl name="ISRC2DEC1 Input" value="IN1L" />
		<ctl name="ISRC2DEC2 Input" value="IN3L" />
		<ctl name="ASRC1IN1L Input" value="ISRC2DEC1" />
		<ctl name="ASRC1IN1R Input" value="ISRC2DEC2" />
		<ctl name="AIF2TX1 Input 1" value="ASRC1IN1L" />
		<ctl name="AIF2TX2 Input 1" value="ASRC1IN1R" />
		<!-- Call recording route -->
		<ctl name="LHPF2 Input 1" value="IN3L" />
		<ctl name="AIF1TX1 Input 1" value="LHPF2" />
		<ctl name="AIF1TX2 Input 1" value="LHPF2" />
	</path>

	<path name="incall_nb_handover-headset-mic">
		<ctl name="Headset Mic Switch" value="1" />
		<ctl name="ISRC2DEC3 Input" value="IN2L" />
		<ctl name="ASRC1IN1L Input" value="ISRC2DEC3" />
		<ctl name="AIF2TX1 Input 1" value="ASRC1IN1L" />
		<ctl name="AIF2TX2 Input 1" value="ASRC1IN1L" />
		<!-- Call recording route -->
		<ctl name="LHPF1 Input 1" value="IN2L" />
		<ctl name="AIF1TX1 Input 1" value="LHPF1" />
		<ctl name="AIF1TX2 Input 1" value="LHPF1" />
	</path>

	<path name="incall_nb_handover-headphone-mic">
		<ctl name="Main Mic Switch" value="1" />
		<ctl name="ISRC2DEC1 Input" value="IN1L" />
		<ctl name="ASRC1IN1L Input" value="ISRC2DEC1" />
		<ctl name="AIF2TX1 Input 1" value="ASRC1IN1L" />
		<ctl name="AIF2TX2 Input 1" value="ASRC1IN1L" />
		<!-- Call recording route -->
		<ctl name="LHPF1 Input 1" value="IN1L" />
		<ctl name="AIF1TX1 Input 1" value="LHPF1" />
		<ctl name="AIF1TX2 Input 1" value="LHPF1" />
	</path>

	<!-- NB/EXTRA_VOL -->
	<path name="incall_nb_extra_vol-handset-mic">
		<path name="incall_nb-handset-mic" />
	</path>

	<path name="incall_nb_extra_vol-speaker-mic">
		<path name="incall_nb-speaker-mic" />
	</path>

	<!-- NB/EXTRA_VOL/HANDOVER -->
	<path name="incall_nb_extra_vol_handover-handset-mic">
		<path name="incall_nb_handover-handset-mic" />
	</path>

	<path name="incall_nb_extra_vol_handover-speaker-mic">
		<path name="incall_nb_handover-speaker-mic" />
	</path>

	<!-- WB -->
	<path name="incall_wb-handset-mic">
		<path name="incall_nb-handset-mic" />
	</path>

	<path name="incall_wb-speaker-mic">
		<path name="incall_nb-speaker-mic" />
	</path>

	<path name="incall_wb-headset-mic">
		<path name="incall_nb-headset-mic" />
	</path>

	<path name="incall_wb-headphone-mic">
		<path name="incall_nb-headphone-mic" />
	</path>

	<path name="incall_wb-bt-sco-headset-in">
		<path name="mute-speaker" />
		<ctl name="Sample Rate 2" value="16kHz" />
		<ctl name="ASRC1 Rate 1" value="SYNCCLK rate 1" />
		<ctl name="ISRC2 FSL" value="SYNCCLK rate 2" />
		<ctl name="ISRC2 FSH" value="SYNCCLK rate 1" />
		<ctl name="ISRC2INT1 Input" value="AIF3RX1" />
		<ctl name="ISRC2INT2 Input" value="AIF3RX2" />
		<ctl name="ASRC1IN1L Input" value="ISRC2INT1" />
		<ctl name="ASRC1IN1R Input" value="ISRC2INT2" />	
		<ctl name="AIF2TX1 Input 1" value="ASRC1IN1L" />
		<ctl name="AIF2TX2 Input 1" value="ASRC1IN1R" />
		<!-- Call recording route -->
		<ctl name="AIF1TX1 Input 1" value="ISRC2INT1" />
		<ctl name="AIF1TX2 Input 1" value="ISRC2INT2" />
	</path>

	<path name="incall_wb-bt-ble-headset-in">
		<path name="mute-speaker" />
		<path name="incall_nb-headphone-mic" />
	</path>

	<!-- WB/EXTRA_VOL -->	
	<path name="incall_wb_extra_vol-handset-mic">
		<path name="incall_wb-handset-mic" />
	</path>

	<path name="incall_wb_extra_vol-speaker-mic">
		<path name="incall_wb-speaker-mic" />
	</path>

	<!-- VoLTE CP input -->
	<!-- VoLTE CP NB -->
	<path name="volte_cp_nb-handset-mic">
		<path name="incall_nb-handset-mic" />
	</path>

	<path name="volte_cp_nb-speaker-mic">
		<path name="incall_nb-speaker-mic" />
	</path>

	<path name="volte_cp_nb-headset-mic">
		<path name="incall_nb-headset-mic" />
	</path>

	<path name="volte_cp_nb-headphone-mic">
		<path name="incall_nb-headphone-mic" />
	</path>

	<path name="volte_cp_nb-bt-sco-headset-in">
		<path name="incall_nb-bt-sco-headset-in" />
	</path>

	<path name="volte_cp_nb-bt-ble-headset-in">
		<path name="incall_nb-bt-ble-headset-in" />
	</path>

	<!-- VoLTE CP NB/HANDOVER -->
	<path name="volte_cp_nb_handover-handset-mic">
		<path name="incall_nb_handover-handset-mic" />
	</path>

	<path name="volte_cp_nb_handover-speaker-mic">
		<path name="incall_nb_handover-speaker-mic" />
	</path>

	<path name="volte_cp_nb_handover-headset-mic">
		<path name="incall_nb_handover-headset-mic" />
	</path>

	<path name="volte_cp_nb_handover-headphone-mic">
		<path name="incall_nb_handover-headphone-mic" />
	</path>

	<!-- VoLTE CP NB/EXTRA_VOL-->
	<path name="volte_cp_nb_extra_vol-handset-mic">
		<path name="incall_nb-handset-mic" />
	</path>

	<path name="volte_cp_nb_extra_vol-speaker-mic">
		<path name="incall_nb-speaker-mic" />
	</path>

	<!-- VoLTE CP NB/EXTRA_VOL/HANDOVER -->
	<path name="volte_cp_nb_extra_vol_handover-handset-mic">
		<path name="incall_nb_handover-handset-mic" />
	</path>

	<path name="volte_cp_nb_extra_vol_handover-speaker-mic">
		<path name="incall_nb_handover-speaker-mic" />
	</path>

	<!-- VoLTE VT CP NB-->
	<path name="volte_vt_cp_nb-handset-mic">
		<path name="incall_nb-handset-mic" />
	</path>

	<path name="volte_vt_cp_nb-speaker-mic">
		<path name="incall_nb-speaker-mic" />
	</path>

	<path name="volte_vt_cp_nb-headset-mic">
		<path name="incall_nb-headset-mic" />
	</path>

	<path name="volte_vt_cp_nb-headphone-mic">
		<path name="incall_nb-headphone-mic" />
	</path>

	<path name="volte_vt_cp_nb-bt-sco-headset-in">
		<path name="incall_nb-bt-sco-headset-in" />
	</path>

	<path name="volte_vt_cp_nb-bt-ble-headset-in">
		<path name="incall_nb-bt-ble-headset-in" />
	</path>

	<!-- VoLTE CP WB -->
	<path name="volte_cp_wb-handset-mic">
		<path name="incall_wb-handset-mic" />
	</path>

	<path name="volte_cp_wb-speaker-mic">
		<path name="incall_wb-speaker-mic" />
	</path>

	<path name="volte_cp_wb-headset-mic">
		<path name="incall_wb-headset-mic" />
	</path>

	<path name="volte_cp_wb-headphone-mic">
		<path name="incall_wb-headphone-mic" />
	</path>

	<path name="volte_cp_wb-bt-sco-headset-in">
		<path name="incall_wb-bt-sco-headset-in" />
	</path>

	<path name="volte_cp_wb-bt-ble-headset-in">
		<path name="incall_wb-bt-ble-headset-in" />
	</path>

	<!-- VoLTE CP WB/EXTRA_VOL -->
	<path name="volte_cp_wb_extra_vol-handset-mic">
		<path name="incall_wb-handset-mic" />
	</path>

	<path name="volte_cp_wb_extra_vol-speaker-mic">
		<path name="incall_wb-speaker-mic" />
	</path>

	<!-- VoLTE VT CP WB -->
	<path name="volte_vt_cp_wb-handset-mic">
		<path name="incall_wb-handset-mic" />
	</path>

	<path name="volte_vt_cp_wb-speaker-mic">
		<path name="incall_wb-speaker-mic" />
	</path>

	<path name="volte_vt_cp_wb-headset-mic">
		<path name="incall_wb-headset-mic" />
	</path>

	<path name="volte_vt_cp_wb-headphone-mic">
		<path name="incall_wb-headphone-mic" />
	</path>

	<path name="volte_vt_cp_wb-bt-sco-headset-in">
		<path name="incall_wb-bt-sco-headset-in" />
	</path>

	<path name="volte_vt_cp_wb-bt-ble-headset-in">
		<path name="incall_wb-bt-ble-headset-in" />
	</path>

	<!-- Loopback Input (no delay) -->
	<path name="loopback-mic">
		<ctl name="ASRC1IN1L Input" value="LHPF1" />
		<ctl name="ASRC1IN1R Input" value="LHPF1" />
		<ctl name="AIF2TX1 Input 1" value="ASRC1IN1L" />
		<ctl name="AIF2TX2 Input 1" value="ASRC1IN1R" />
		<path name="main-mic" />
	</path>

	<path name="loopback-2nd-mic">
		<ctl name="ASRC1IN1L Input" value="LHPF2" />
		<ctl name="ASRC1IN1R Input" value="LHPF2" />
		<ctl name="AIF2TX1 Input 1" value="ASRC1IN1L" />
		<ctl name="AIF2TX2 Input 1" value="ASRC1IN1R" />
		<path name="2nd-mic" />
	</path>

	<!-- Packet Loopback Input -->
	<path name="loopback_packet-mic">
		<ctl name="ASRC1IN1L Input" value="LHPF1" />
		<ctl name="ASRC1IN1R Input" value="LHPF1" />
		<ctl name="AIF2TX1 Input 1" value="ASRC1IN1L" />
		<ctl name="AIF2TX2 Input 1" value="ASRC1IN1R" />
		<path name="main-mic" />
	</path>

	<path name="loopback_packet-2nd-mic">
		<ctl name="ASRC1IN1L Input" value="LHPF2" />
		<ctl name="ASRC1IN1R Input" value="LHPF2" />
		<ctl name="AIF2TX1 Input 1" value="ASRC1IN1L" />
		<ctl name="AIF2TX2 Input 1" value="ASRC1IN1R" />
		<path name="2nd-mic" />
	</path>

	<path name="loopback_packet-3rd-mic">
		<ctl name="ASRC1IN1L Input" value="LHPF2" />
		<ctl name="ASRC1IN1R Input" value="LHPF2" />
		<ctl name="AIF2TX1 Input 1" value="ASRC1IN1L" />
		<ctl name="AIF2TX2 Input 1" value="ASRC1IN1R" />
		<path name="3rd-mic" />
	</path>

	<path name="loopback_packet-headset-mic">
		<ctl name="ASRC1IN1L Input" value="LHPF1" />
		<ctl name="ASRC1IN1R Input" value="LHPF1" />
		<ctl name="AIF2TX1 Input 1" value="ASRC1IN1L" />
		<ctl name="AIF2TX2 Input 1" value="ASRC1IN1R" />
		<path name="headset-mic" />
	</path>

	<path name="loopback_packet-handset-dualmic">
		<ctl name="ASRC1IN1L Input" value="LHPF1" />
		<ctl name="ASRC1IN1R Input" value="LHPF2" />
		<ctl name="AIF2TX1 Input 1" value="ASRC1IN1L" />
		<ctl name="AIF2TX2 Input 1" value="ASRC1IN1R" />
		<path name="main-mic" />
		<path name="2nd-mic" />
	</path>

	<path name="loopback_packet-speaker-dualmic">
		<ctl name="ASRC1IN1R Input" value="LHPF1" />
		<ctl name="ASRC1IN1L Input" value="LHPF2" />
		<ctl name="AIF2TX1 Input 1" value="ASRC1IN1L" />
		<ctl name="AIF2TX2 Input 1" value="ASRC1IN1R" />
		<path name="main-mic" />
		<path name="2nd-mic" />
	</path>

	<!-- TTY Mode Input -->
	<path name="tty_mode-vco-mic">
		<path name="main-mic" />
		<ctl name="ASRC1IN1L Input" value="LHPF1" />
		<ctl name="ASRC1IN1R Input" value="LHPF1" />
		<ctl name="AIF2TX1 Input 1" value="ASRC1IN1L" />
		<ctl name="AIF2TX2 Input 1" value="ASRC1IN1R" />
	</path>

	<path name="tty_mode-full-mic">
		<path name="headset-mic" />
		<ctl name="ASRC1IN1L Input" value="LHPF1" />
		<ctl name="ASRC1IN1R Input" value="LHPF1" />
		<ctl name="AIF2TX1 Input 1" value="ASRC1IN1L" />
		<ctl name="AIF2TX2 Input 1" value="ASRC1IN1R" />
	</path>

	<path name="tty_mode-hco-mic">
		<path name="headset-mic" />
		<ctl name="ASRC1IN1L Input" value="LHPF1" />
		<ctl name="ASRC1IN1R Input" value="LHPF1" />
		<ctl name="AIF2TX1 Input 1" value="ASRC1IN1L" />
		<ctl name="AIF2TX2 Input 1" value="ASRC1IN1R" />
	</path>

	<!-- echo(rms) test input -->
	<path name="echo_test-mic">
		<path name="media-mic" />
	</path>

	<path name="echo_test-2nd-mic">
		<path name="capture_channel_right" />
		<path name="2nd-mic" />
	</path>

	<path name="echo_test-3rd-mic">
		<path name="capture_channel_right" />
		<path name="3rd-mic" />
	</path>

	<path name="echo_test-dualmic">
		<path name="capture_channel_stereo" />
		<path name="main-mic" />
		<path name="2nd-mic" />
	</path>

	<!-- call forwarding input -->
	<path name="call_forwarding_master-mic">
		<ctl name="ASRC1IN2L Input" value="AIF2RX1" />
		<ctl name="ASRC1IN2R Input" value="AIF2RX1" />
		<ctl name="AIF1TX1 Input 1" value="ASRC1IN2L" />
		<ctl name="AIF1TX2 Input 1" value="ASRC1IN2R" />
	</path>

	<path name="call_forwarding_slave-handset-mic">
		<path name="communication-handset-mic" />
	</path>

	<path name="call_forwarding_slave-speaker-mic">
		<path name="communication-speaker-mic" />
	</path>

	<path name="call_forwarding_slave-headset-mic">
		<path name="communication-headset-mic" />
	</path>

	<path name="call_forwarding_slave-headphone-mic">
		<path name="communication-headphone-mic" />
	</path>

	<path name="call_forwarding_slave-bt-sco-headset-in">
		<path name="communication-bt-sco-headset-in" />
	</path>

	<path name="call_forwarding_slave-bt-ble-headset-in">
		<path name="communication-bt-ble-headset-in" />
	</path>

	<!-- remote mic input -->
	<path name="remote-bt-ble-headset-in">
		<ctl name="Main Mic Switch" value="1" />
		<ctl name="ISRC2DEC3 Input" value="IN1L" />
		<ctl name="ISRC2DEC4 Input" value="IN1L" />
		<ctl name="AIF3TX1 Input 2" value="ISRC2DEC3" />
		<ctl name="AIF3TX2 Input 2" value="ISRC2DEC4" />
		<!-- remote mic recording route -->
		<ctl name="AIF1TX1 Input 1" value="IN1L" />
		<ctl name="AIF1TX2 Input 1" value="IN1L" />
	</path>

	<!-- One byte control -->
	<path name="seamless_buf_offset">
		<param name="DSP6 ZM 6000d:0" id="13" />
		<param name="DSP6 ZM 6000d:0" id="14" />
		<param name="DSP6 ZM 6000d:0" id="15" />
	</path>

	<path name="codec_rx_mute">
		<param name="HPOUT1 Digital Switch" id="0" />
		<param name="HPOUT3 Digital Switch" id="0" />
		<param name="HPOUT1 Digital Switch" id="1" />
		<param name="HPOUT3 Digital Switch" id="1" />
		<param name="SPK Enable Switch" id="0" />
	</path>

</mixer>
